name,semantic_territory,root_story,construction,stage,screening_status,notes
"Helven","guidance_navigation","Forma curta construída com ideia de helm/guidance.","constructed","shortlist","shortlist","Baixa colisão preliminar; sem história forte o suficiente para superar Telechir."
"Telchir","teleoperation_history","Contração fonética de Telechir.","constructed_contraction","shortlist","shortlist","Nenhum repo exato localizado no GitHub; perde autenticidade do termo original."
"Telechir","teleoperation_history","Termo histórico real: manipulador remoto semelhante a uma mão.","authentic_word","primary_conditional","primary_conditional","Baixa colisão comercial preliminar; clearance oficial pendente."
"Telel","teleoperation_history","teleoperation/remote hand","tel+el","raw_constructed","not_deep_screened","Candidato construído; não implica disponibilidade de marca, domínio ou package."
"Telen","teleoperation_history","teleoperation/remote hand","tel+en","raw_constructed","not_deep_screened","Candidato construído; não implica disponibilidade de marca, domínio ou package."
"Teler","teleoperation_history","teleoperation/remote hand","tel+er","raw_constructed","not_deep_screened","Candidato construído; não implica disponibilidade de marca, domínio ou package."
"Telis","teleoperation_history","teleoperation/remote hand","tel+is","raw_constructed","not_deep_screened","Candidato construído; não implica disponibilidade de marca, domínio ou package."
"Telor","teleoperation_history","teleoperation/remote hand","tel+or","raw_constructed","not_deep_screened","Candidato construído; não implica disponibilidade de marca, domínio ou package."
"Telir","teleoperation_history","teleoperation/remote hand","tel+ir","raw_constructed","not_deep_screened","Candidato construído; não implica disponibilidade de marca, domínio ou package."
"Telik","teleoperation_history","teleoperation/remote hand","tel+ik","raw_constructed","not_deep_screened","Candidato construído; não implica disponibilidade de marca, domínio ou package."
"Telin","teleoperation_history","teleoperation/remote hand","tel+in","raw_constructed","not_deep_screened","Candidato construído; não implica disponibilidade de marca, domínio ou package."
"Telal","teleoperation_history","teleoperation/remote hand","tel+al","raw_constructed","not_deep_screened","Candidato construído; não implica disponibilidade de marca, domínio ou package."
"Telan","teleoperation_history","teleoperation/remote hand","tel+an","raw_constructed","not_deep_screened","Candidato construído; não implica disponibilidade de marca, domínio ou package."
"Telet","teleoperation_history","teleoperation/remote hand","tel+et","raw_constructed","not_deep_screened","Candidato construído; não implica disponibilidade de marca, domínio ou package."
"Telon","teleoperation_history","teleoperation/remote hand","tel+on","raw_constructed","not_deep_screened","Candidato construído; não implica disponibilidade de marca, domínio ou package."
"Telex","teleoperation_history","teleoperation/remote hand","tel+ex","raw_constructed","not_deep_screened","Candidato construído; não implica disponibilidade de marca, domínio ou package."
"Telic","teleoperation_history","teleoperation/remote hand","tel+ic","raw_constructed","not_deep_screened","Candidato construído; não implica disponibilidade de marca, domínio ou package."
"Telum","teleoperation_history","teleoperation/remote hand","tel+um","raw_constructed","not_deep_screened","Candidato construído; não implica disponibilidade de marca, domínio ou package."
"Telus","teleoperation_history","teleoperation/remote hand","tel+us","raw_constructed","not_deep_screened","Candidato construído; não implica disponibilidade de marca, domínio ou package."
"Telio","teleoperation_history","teleoperation/remote hand","tel+io","raw_constructed","not_deep_screened","Candidato construído; não implica disponibilidade de marca, domínio ou package."
"Telar","teleoperation_history","teleoperation/remote hand","tel+ar","raw_constructed","not_deep_screened","Candidato construído; não implica disponibilidade de marca, domínio ou package."
"Telren","teleoperation_history","teleoperation/remote hand","tel+ren","raw_constructed","not_deep_screened","Candidato construído; não implica disponibilidade de marca, domínio ou package."
"Telrel","teleoperation_history","teleoperation/remote hand","tel+rel","raw_constructed","not_deep_screened","Candidato construído; não implica disponibilidade de marca, domínio ou package."
"Telris","teleoperation_history","teleoperation/remote hand","tel+ris","raw_constructed","not_deep_screened","Candidato construído; não implica disponibilidade de marca, domínio ou package."
"Telric","teleoperation_history","teleoperation/remote hand","tel+ric","raw_constructed","not_deep_screened","Candidato construído; não implica disponibilidade de marca, domínio ou package."
"Chirel","teleoperation_history","Greek cheir/kheir: hand","chir+el","raw_constructed","not_deep_screened","Candidato construído; não implica disponibilidade de marca, domínio ou package."
"Chiren","teleoperation_history","Greek cheir/kheir: hand","chir+en","raw_constructed","not_deep_screened","Candidato construído; não implica disponibilidade de marca, domínio ou package."
"Chirer","teleoperation_history","Greek cheir/kheir: hand","chir+er","raw_constructed","not_deep_screened","Candidato construído; não implica disponibilidade de marca, domínio ou package."
"Chiris","teleoperation_history","Greek cheir/kheir: hand","chir+is","raw_constructed","not_deep_screened","Candidato construído; não implica disponibilidade de marca, domínio ou package."
"Chiror","teleoperation_history","Greek cheir/kheir: hand","chir+or","raw_constructed","not_deep_screened","Candidato construído; não implica disponibilidade de marca, domínio ou package."
"Chirir","teleoperation_history","Greek cheir/kheir: hand","chir+ir","raw_constructed","not_deep_screened","Candidato construído; não implica disponibilidade de marca, domínio ou package."
"Chirik","teleoperation_history","Greek cheir/kheir: hand","chir+ik","raw_constructed","not_deep_screened","Candidato construído; não implica disponibilidade de marca, domínio ou package."
"Chirin","teleoperation_history","Greek cheir/kheir: hand","chir+in","raw_constructed","not_deep_screened","Candidato construído; não implica disponibilidade de marca, domínio ou package."
"Chiral","teleoperation_history","Greek cheir/kheir: hand","chir+al","raw_constructed","not_deep_screened","Candidato construído; não implica disponibilidade de marca, domínio ou package."
"Chiran","teleoperation_history","Greek cheir/kheir: hand","chir+an","raw_constructed","not_deep_screened","Candidato construído; não implica disponibilidade de marca, domínio ou package."
"Chiret","teleoperation_history","Greek cheir/kheir: hand","chir+et","raw_constructed","not_deep_screened","Candidato construído; não implica disponibilidade de marca, domínio ou package."
"Chiron","teleoperation_history","Greek cheir/kheir: hand","chir+on","raw_constructed","not_deep_screened","Candidato construído; não implica disponibilidade de marca, domínio ou package."
"Chirex","teleoperation_history","Greek cheir/kheir: hand","chir+ex","raw_constructed","not_deep_screened","Candidato construído; não implica disponibilidade de marca, domínio ou package."
"Chiric","teleoperation_history","Greek cheir/kheir: hand","chir+ic","raw_constructed","not_deep_screened","Candidato construído; não implica disponibilidade de marca, domínio ou package."
"Chirum","teleoperation_history","Greek cheir/kheir: hand","chir+um","raw_constructed","not_deep_screened","Candidato construído; não implica disponibilidade de marca, domínio ou package."
"Chirus","teleoperation_history","Greek cheir/kheir: hand","chir+us","raw_constructed","not_deep_screened","Candidato construído; não implica disponibilidade de marca, domínio ou package."
"Chirio","teleoperation_history","Greek cheir/kheir: hand","chir+io","raw_constructed","not_deep_screened","Candidato construído; não implica disponibilidade de marca, domínio ou package."
"Chirar","teleoperation_history","Greek cheir/kheir: hand","chir+ar","raw_constructed","not_deep_screened","Candidato construído; não implica disponibilidade de marca, domínio ou package."
"Chirren","teleoperation_history","Greek cheir/kheir: hand","chir+ren","raw_constructed","not_deep_screened","Candidato construído; não implica disponibilidade de marca, domínio ou package."
"Chirrel","teleoperation_history","Greek cheir/kheir: hand","chir+rel","raw_constructed","not_deep_screened","Candidato construído; não implica disponibilidade de marca, domínio ou package."
"Chirris","teleoperation_history","Greek cheir/kheir: hand","chir+ris","raw_constructed","not_deep_screened","Candidato construído; não implica disponibilidade de marca, domínio ou package."
"Chirric","teleoperation_history","Greek cheir/kheir: hand","chir+ric","raw_constructed","not_deep_screened","Candidato construído; não implica disponibilidade de marca, domínio ou package."
"Kherel","teleoperation_history","hand-derived phonetic territory","kher+el","raw_constructed","not_deep_screened","Candidato construído; não implica disponibilidade de marca, domínio ou package."
"Kheren","teleoperation_history","hand-derived phonetic territory","kher+en","raw_constructed","not_deep_screened","Candidato construído; não implica disponibilidade de marca, domínio ou package."
"Kherer","teleoperation_history","hand-derived phonetic territory","kher+er","raw_constructed","not_deep_screened","Candidato construído; não implica disponibilidade de marca, domínio ou package."
"Kheris","teleoperation_history","hand-derived phonetic territory","kher+is","raw_constructed","not_deep_screened","Candidato construído; não implica disponibilidade de marca, domínio ou package."
"Kheror","teleoperation_history","hand-derived phonetic territory","kher+or","raw_constructed","not_deep_screened","Candidato construído; não implica disponibilidade de marca, domínio ou package."
"Kherir","teleoperation_history","hand-derived phonetic territory","kher+ir","raw_constructed","not_deep_screened","Candidato construído; não implica disponibilidade de marca, domínio ou package."
"Kherik","teleoperation_history","hand-derived phonetic territory","kher+ik","raw_constructed","not_deep_screened","Candidato construído; não implica disponibilidade de marca, domínio ou package."
"Kherin","teleoperation_history","hand-derived phonetic territory","kher+in","raw_constructed","not_deep_screened","Candidato construído; não implica disponibilidade de marca, domínio ou package."
"Kheral","teleoperation_history","hand-derived phonetic territory","kher+al","raw_constructed","not_deep_screened","Candidato construído; não implica disponibilidade de marca, domínio ou package."
"Kheran","teleoperation_history","hand-derived phonetic territory","kher+an","raw_constructed","not_deep_screened","Candidato construído; não implica disponibilidade de marca, domínio ou package."
"Kheret","teleoperation_history","hand-derived phonetic territory","kher+et","raw_constructed","not_deep_screened","Candidato construído; não implica disponibilidade de marca, domínio ou package."
"Kheron","teleoperation_history","hand-derived phonetic territory","kher+on","raw_constructed","not_deep_screened","Candidato construído; não implica disponibilidade de marca, domínio ou package."
"Kherex","teleoperation_history","hand-derived phonetic territory","kher+ex","raw_constructed","not_deep_screened","Candidato construído; não implica disponibilidade de marca, domínio ou package."
"Kheric","teleoperation_history","hand-derived phonetic territory","kher+ic","raw_constructed","not_deep_screened","Candidato construído; não implica disponibilidade de marca, domínio ou package."
"Kherum","teleoperation_history","hand-derived phonetic territory","kher+um","raw_constructed","not_deep_screened","Candidato construído; não implica disponibilidade de marca, domínio ou package."
"Kherus","teleoperation_history","hand-derived phonetic territory","kher+us","raw_constructed","not_deep_screened","Candidato construído; não implica disponibilidade de marca, domínio ou package."
"Kherio","teleoperation_history","hand-derived phonetic territory","kher+io","raw_constructed","not_deep_screened","Candidato construído; não implica disponibilidade de marca, domínio ou package."
"Kherar","teleoperation_history","hand-derived phonetic territory","kher+ar","raw_constructed","not_deep_screened","Candidato construído; não implica disponibilidade de marca, domínio ou package."
"Kherren","teleoperation_history","hand-derived phonetic territory","kher+ren","raw_constructed","not_deep_screened","Candidato construído; não implica disponibilidade de marca, domínio ou package."
"Kherrel","teleoperation_history","hand-derived phonetic territory","kher+rel","raw_constructed","not_deep_screened","Candidato construído; não implica disponibilidade de marca, domínio ou package."
"Kherris","teleoperation_history","hand-derived phonetic territory","kher+ris","raw_constructed","not_deep_screened","Candidato construído; não implica disponibilidade de marca, domínio ou package."
"Kherric","teleoperation_history","hand-derived phonetic territory","kher+ric","raw_constructed","not_deep_screened","Candidato construído; não implica disponibilidade de marca, domínio ou package."
"Eferel","nervous_system","efferent: signal moving outward to an effector","efer+el","raw_constructed","not_deep_screened","Candidato construído; não implica disponibilidade de marca, domínio ou package."
"Eferen","nervous_system","efferent: signal moving outward to an effector","efer+en","raw_constructed","not_deep_screened","Candidato construído; não implica disponibilidade de marca, domínio ou package."
"Eferer","nervous_system","efferent: signal moving outward to an effector","efer+er","raw_constructed","not_deep_screened","Candidato construído; não implica disponibilidade de marca, domínio ou package."
"Eferis","nervous_system","efferent: signal moving outward to an effector","efer+is","raw_constructed","not_deep_screened","Candidato construído; não implica disponibilidade de marca, domínio ou package."
"Eferor","nervous_system","efferent: signal moving outward to an effector","efer+or","raw_constructed","not_deep_screened","Candidato construído; não implica disponibilidade de marca, domínio ou package."
"Eferir","nervous_system","efferent: signal moving outward to an effector","efer+ir","raw_constructed","not_deep_screened","Candidato construído; não implica disponibilidade de marca, domínio ou package."
"Eferik","nervous_system","efferent: signal moving outward to an effector","efer+ik","raw_constructed","not_deep_screened","Candidato construído; não implica disponibilidade de marca, domínio ou package."
"Eferin","nervous_system","efferent: signal moving outward to an effector","efer+in","raw_constructed","not_deep_screened","Candidato construído; não implica disponibilidade de marca, domínio ou package."
"Eferal","nervous_system","efferent: signal moving outward to an effector","efer+al","raw_constructed","not_deep_screened","Candidato construído; não implica disponibilidade de marca, domínio ou package."
"Eferan","nervous_system","efferent: signal moving outward to an effector","efer+an","raw_constructed","not_deep_screened","Candidato construído; não implica disponibilidade de marca, domínio ou package."
"Eferet","nervous_system","efferent: signal moving outward to an effector","efer+et","raw_constructed","not_deep_screened","Candidato construído; não implica disponibilidade de marca, domínio ou package."
"Eferon","nervous_system","efferent: signal moving outward to an effector","efer+on","raw_constructed","not_deep_screened","Candidato construído; não implica disponibilidade de marca, domínio ou package."
"Eferex","nervous_system","efferent: signal moving outward to an effector","efer+ex","raw_constructed","not_deep_screened","Candidato construído; não implica disponibilidade de marca, domínio ou package."
"Eferic","nervous_system","efferent: signal moving outward to an effector","efer+ic","raw_constructed","not_deep_screened","Candidato construído; não implica disponibilidade de marca, domínio ou package."
"Eferum","nervous_system","efferent: signal moving outward to an effector","efer+um","raw_constructed","not_deep_screened","Candidato construído; não implica disponibilidade de marca, domínio ou package."
"Eferus","nervous_system","efferent: signal moving outward to an effector","efer+us","raw_constructed","not_deep_screened","Candidato construído; não implica disponibilidade de marca, domínio ou package."
"Eferio","nervous_system","efferent: signal moving outward to an effector","efer+io","raw_constructed","not_deep_screened","Candidato construído; não implica disponibilidade de marca, domínio ou package."
"Eferar","nervous_system","efferent: signal moving outward to an effector","efer+ar","raw_constructed","not_deep_screened","Candidato construído; não implica disponibilidade de marca, domínio ou package."
"Eferren","nervous_system","efferent: signal moving outward to an effector","efer+ren","raw_constructed","not_deep_screened","Candidato construído; não implica disponibilidade de marca, domínio ou package."
"Eferrel","nervous_system","efferent: signal moving outward to an effector","efer+rel","raw_constructed","not_deep_screened","Candidato construído; não implica disponibilidade de marca, domínio ou package."
"Eferris","nervous_system","efferent: signal moving outward to an effector","efer+ris","raw_constructed","not_deep_screened","Candidato construído; não implica disponibilidade de marca, domínio ou package."
"Eferric","nervous_system","efferent: signal moving outward to an effector","efer+ric","raw_constructed","not_deep_screened","Candidato construído; não implica disponibilidade de marca, domínio ou package."
"Ferenel","nervous_system","carrying/transmission root","feren+el","raw_constructed","not_deep_screened","Candidato construído; não implica disponibilidade de marca, domínio ou package."
"Ferenen","nervous_system","carrying/transmission root","feren+en","raw_constructed","not_deep_screened","Candidato construído; não implica disponibilidade de marca, domínio ou package."
"Ferener","nervous_system","carrying/transmission root","feren+er","raw_constructed","not_deep_screened","Candidato construído; não implica disponibilidade de marca, domínio ou package."
"Ferenis","nervous_system","carrying/transmission root","feren+is","raw_constructed","not_deep_screened","Candidato construído; não implica disponibilidade de marca, domínio ou package."
"Ferenor","nervous_system","carrying/transmission root","feren+or","raw_constructed","not_deep_screened","Candidato construído; não implica disponibilidade de marca, domínio ou package."
"Ferenir","nervous_system","carrying/transmission root","feren+ir","raw_constructed","not_deep_screened","Candidato construído; não implica disponibilidade de marca, domínio ou package."
"Ferenik","nervous_system","carrying/transmission root","feren+ik","raw_constructed","not_deep_screened","Candidato construído; não implica disponibilidade de marca, domínio ou package."
"Ferenin","nervous_system","carrying/transmission root","feren+in","raw_constructed","not_deep_screened","Candidato construído; não implica disponibilidade de marca, domínio ou package."
"Ferenal","nervous_system","carrying/transmission root","feren+al","raw_constructed","not_deep_screened","Candidato construído; não implica disponibilidade de marca, domínio ou package."
"Ferenan","nervous_system","carrying/transmission root","feren+an","raw_constructed","not_deep_screened","Candidato construído; não implica disponibilidade de marca, domínio ou package."
"Ferenet","nervous_system","carrying/transmission root","feren+et","raw_constructed","not_deep_screened","Candidato construído; não implica disponibilidade de marca, domínio ou package."
"Ferenon","nervous_system","carrying/transmission root","feren+on","raw_constructed","not_deep_screened","Candidato construído; não implica disponibilidade de marca, domínio ou package."
"Ferenex","nervous_system","carrying/transmission root","feren+ex","raw_constructed","not_deep_screened","Candidato construído; não implica disponibilidade de marca, domínio ou package."
"Ferenic","nervous_system","carrying/transmission root","feren+ic","raw_constructed","not_deep_screened","Candidato construído; não implica disponibilidade de marca, domínio ou package."
"Ferenum","nervous_system","carrying/transmission root","feren+um","raw_constructed","not_deep_screened","Candidato construído; não implica disponibilidade de marca, domínio ou package."
"Ferenus","nervous_system","carrying/transmission root","feren+us","raw_constructed","not_deep_screened","Candidato construído; não implica disponibilidade de marca, domínio ou package."
"Ferenio","nervous_system","carrying/transmission root","feren+io","raw_constructed","not_deep_screened","Candidato construído; não implica disponibilidade de marca, domínio ou package."
"Ferenar","nervous_system","carrying/transmission root","feren+ar","raw_constructed","not_deep_screened","Candidato construído; não implica disponibilidade de marca, domínio ou package."
"Ferenren","nervous_system","carrying/transmission root","feren+ren","raw_constructed","not_deep_screened","Candidato construído; não implica disponibilidade de marca, domínio ou package."
"Ferenrel","nervous_system","carrying/transmission root","feren+rel","raw_constructed","not_deep_screened","Candidato construído; não implica disponibilidade de marca, domínio ou package."
"Ferenris","nervous_system","carrying/transmission root","feren+ris","raw_constructed","not_deep_screened","Candidato construído; não implica disponibilidade de marca, domínio ou package."
"Ferenric","nervous_system","carrying/transmission root","feren+ric","raw_constructed","not_deep_screened","Candidato construído; não implica disponibilidade de marca, domínio ou package."
"Tactel","touch_haptics","touch/tactile/action","tact+el","raw_constructed","not_deep_screened","Candidato construído; não implica disponibilidade de marca, domínio ou package."
"Tacten","touch_haptics","touch/tactile/action","tact+en","raw_constructed","not_deep_screened","Candidato construído; não implica disponibilidade de marca, domínio ou package."
"Tacter","touch_haptics","touch/tactile/action","tact+er","raw_constructed","not_deep_screened","Candidato construído; não implica disponibilidade de marca, domínio ou package."
"Tactis","touch_haptics","touch/tactile/action","tact+is","raw_constructed","not_deep_screened","Candidato construído; não implica disponibilidade de marca, domínio ou package."
"Tactor","touch_haptics","touch/tactile/action","tact+or","raw_constructed","not_deep_screened","Candidato construído; não implica disponibilidade de marca, domínio ou package."
"Tactir","touch_haptics","touch/tactile/action","tact+ir","raw_constructed","not_deep_screened","Candidato construído; não implica disponibilidade de marca, domínio ou package."
"Tactik","touch_haptics","touch/tactile/action","tact+ik","raw_constructed","not_deep_screened","Candidato construído; não implica disponibilidade de marca, domínio ou package."
"Tactin","touch_haptics","touch/tactile/action","tact+in","raw_constructed","not_deep_screened","Candidato construído; não implica disponibilidade de marca, domínio ou package."
"Tactal","touch_haptics","touch/tactile/action","tact+al","raw_constructed","not_deep_screened","Candidato construído; não implica disponibilidade de marca, domínio ou package."
"Tactan","touch_haptics","touch/tactile/action","tact+an","raw_constructed","not_deep_screened","Candidato construído; não implica disponibilidade de marca, domínio ou package."
"Tactet","touch_haptics","touch/tactile/action","tact+et","raw_constructed","not_deep_screened","Candidato construído; não implica disponibilidade de marca, domínio ou package."
"Tacton","touch_haptics","touch/tactile/action","tact+on","raw_constructed","not_deep_screened","Candidato construído; não implica disponibilidade de marca, domínio ou package."
"Tactex","touch_haptics","touch/tactile/action","tact+ex","raw_constructed","not_deep_screened","Candidato construído; não implica disponibilidade de marca, domínio ou package."
"Tactic","touch_haptics","touch/tactile/action","tact+ic","raw_constructed","not_deep_screened","Candidato construído; não implica disponibilidade de marca, domínio ou package."
"Tactum","touch_haptics","touch/tactile/action","tact+um","raw_constructed","not_deep_screened","Candidato construído; não implica disponibilidade de marca, domínio ou package."
"Tactus","touch_haptics","touch/tactile/action","tact+us","raw_constructed","not_deep_screened","Candidato construído; não implica disponibilidade de marca, domínio ou package."
"Tactio","touch_haptics","touch/tactile/action","tact+io","raw_constructed","not_deep_screened","Candidato construído; não implica disponibilidade de marca, domínio ou package."
"Tactar","touch_haptics","touch/tactile/action","tact+ar","raw_constructed","not_deep_screened","Candidato construído; não implica disponibilidade de marca, domínio ou package."
"Tactren","touch_haptics","touch/tactile/action","tact+ren","raw_constructed","not_deep_screened","Candidato construído; não implica disponibilidade de marca, domínio ou package."
"Tactrel","touch_haptics","touch/tactile/action","tact+rel","raw_constructed","not_deep_screened","Candidato construído; não implica disponibilidade de marca, domínio ou package."
"Tactris","touch_haptics","touch/tactile/action","tact+ris","raw_constructed","not_deep_screened","Candidato construído; não implica disponibilidade de marca, domínio ou package."
"Tactric","touch_haptics","touch/tactile/action","tact+ric","raw_constructed","not_deep_screened","Candidato construído; não implica disponibilidade de marca, domínio ou package."
"Haptel","touch_haptics","haptic/grasp","hapt+el","raw_constructed","not_deep_screened","Candidato construído; não implica disponibilidade de marca, domínio ou package."
"Hapten","touch_haptics","haptic/grasp","hapt+en","raw_constructed","not_deep_screened","Candidato construído; não implica disponibilidade de marca, domínio ou package."
"Hapter","touch_haptics","haptic/grasp","hapt+er","raw_constructed","not_deep_screened","Candidato construído; não implica disponibilidade de marca, domínio ou package."
"Haptis","touch_haptics","haptic/grasp","hapt+is","raw_constructed","not_deep_screened","Candidato construído; não implica disponibilidade de marca, domínio ou package."
"Haptor","touch_haptics","haptic/grasp","hapt+or","raw_constructed","not_deep_screened","Candidato construído; não implica disponibilidade de marca, domínio ou package."
"Haptir","touch_haptics","haptic/grasp","hapt+ir","raw_constructed","not_deep_screened","Candidato construído; não implica disponibilidade de marca, domínio ou package."
"Haptik","touch_haptics","haptic/grasp","hapt+ik","raw_constructed","not_deep_screened","Candidato construído; não implica disponibilidade de marca, domínio ou package."
"Haptin","touch_haptics","haptic/grasp","hapt+in","raw_constructed","not_deep_screened","Candidato construído; não implica disponibilidade de marca, domínio ou package."
"Haptal","touch_haptics","haptic/grasp","hapt+al","raw_constructed","not_deep_screened","Candidato construído; não implica disponibilidade de marca, domínio ou package."
"Haptan","touch_haptics","haptic/grasp","hapt+an","raw_constructed","not_deep_screened","Candidato construído; não implica disponibilidade de marca, domínio ou package."
"Haptet","touch_haptics","haptic/grasp","hapt+et","raw_constructed","not_deep_screened","Candidato construído; não implica disponibilidade de marca, domínio ou package."
"Hapton","touch_haptics","haptic/grasp","hapt+on","raw_constructed","not_deep_screened","Candidato construído; não implica disponibilidade de marca, domínio ou package."
"Haptex","touch_haptics","haptic/grasp","hapt+ex","raw_constructed","not_deep_screened","Candidato construído; não implica disponibilidade de marca, domínio ou package."
"Haptic","touch_haptics","haptic/grasp","hapt+ic","raw_constructed","not_deep_screened","Candidato construído; não implica disponibilidade de marca, domínio ou package."
"Haptum","touch_haptics","haptic/grasp","hapt+um","raw_constructed","not_deep_screened","Candidato construído; não implica disponibilidade de marca, domínio ou package."
"Haptus","touch_haptics","haptic/grasp","hapt+us","raw_constructed","not_deep_screened","Candidato construído; não implica disponibilidade de marca, domínio ou package."
"Haptio","touch_haptics","haptic/grasp","hapt+io","raw_constructed","not_deep_screened","Candidato construído; não implica disponibilidade de marca, domínio ou package."
"Haptar","touch_haptics","haptic/grasp","hapt+ar","raw_constructed","not_deep_screened","Candidato construído; não implica disponibilidade de marca, domínio ou package."
"Haptren","touch_haptics","haptic/grasp","hapt+ren","raw_constructed","not_deep_screened","Candidato construído; não implica disponibilidade de marca, domínio ou package."
"Haptrel","touch_haptics","haptic/grasp","hapt+rel","raw_constructed","not_deep_screened","Candidato construído; não implica disponibilidade de marca, domínio ou package."
"Haptris","touch_haptics","haptic/grasp","hapt+ris","raw_constructed","not_deep_screened","Candidato construído; não implica disponibilidade de marca, domínio ou package."
"Haptric","touch_haptics","haptic/grasp","hapt+ric","raw_constructed","not_deep_screened","Candidato construído; não implica disponibilidade de marca, domínio ou package."
"Clevel","mechanical_linkage","clevis/linkage","clev+el","raw_constructed","not_deep_screened","Candidato construído; não implica disponibilidade de marca, domínio ou package."
"Cleven","mechanical_linkage","clevis/linkage","clev+en","raw_constructed","not_deep_screened","Candidato construído; não implica disponibilidade de marca, domínio ou package."
"Clever","mechanical_linkage","clevis/linkage","clev+er","raw_constructed","not_deep_screened","Candidato construído; não implica disponibilidade de marca, domínio ou package."
"Clevis","mechanical_linkage","clevis/linkage","clev+is","raw_constructed","not_deep_screened","Candidato construído; não implica disponibilidade de marca, domínio ou package."
"Clevor","mechanical_linkage","clevis/linkage","clev+or","raw_constructed","not_deep_screened","Candidato construído; não implica disponibilidade de marca, domínio ou package."
"Clevir","mechanical_linkage","clevis/linkage","clev+ir","raw_constructed","not_deep_screened","Candidato construído; não implica disponibilidade de marca, domínio ou package."
"Clevik","mechanical_linkage","clevis/linkage","clev+ik","raw_constructed","not_deep_screened","Candidato construído; não implica disponibilidade de marca, domínio ou package."
"Clevin","mechanical_linkage","clevis/linkage","clev+in","raw_constructed","not_deep_screened","Candidato construído; não implica disponibilidade de marca, domínio ou package."
"Cleval","mechanical_linkage","clevis/linkage","clev+al","raw_constructed","not_deep_screened","Candidato construído; não implica disponibilidade de marca, domínio ou package."
"Clevan","mechanical_linkage","clevis/linkage","clev+an","raw_constructed","not_deep_screened","Candidato construído; não implica disponibilidade de marca, domínio ou package."
"Clevet","mechanical_linkage","clevis/linkage","clev+et","raw_constructed","not_deep_screened","Candidato construído; não implica disponibilidade de marca, domínio ou package."
"Clevon","mechanical_linkage","clevis/linkage","clev+on","raw_constructed","not_deep_screened","Candidato construído; não implica disponibilidade de marca, domínio ou package."
"Clevex","mechanical_linkage","clevis/linkage","clev+ex","raw_constructed","not_deep_screened","Candidato construído; não implica disponibilidade de marca, domínio ou package."
"Clevic","mechanical_linkage","clevis/linkage","clev+ic","raw_constructed","not_deep_screened","Candidato construído; não implica disponibilidade de marca, domínio ou package."
"Clevum","mechanical_linkage","clevis/linkage","clev+um","raw_constructed","not_deep_screened","Candidato construído; não implica disponibilidade de marca, domínio ou package."
"Clevus","mechanical_linkage","clevis/linkage","clev+us","raw_constructed","not_deep_screened","Candidato construído; não implica disponibilidade de marca, domínio ou package."
"Clevio","mechanical_linkage","clevis/linkage","clev+io","raw_constructed","not_deep_screened","Candidato construído; não implica disponibilidade de marca, domínio ou package."
"Clevar","mechanical_linkage","clevis/linkage","clev+ar","raw_constructed","not_deep_screened","Candidato construído; não implica disponibilidade de marca, domínio ou package."
"Clevren","mechanical_linkage","clevis/linkage","clev+ren","raw_constructed","not_deep_screened","Candidato construído; não implica disponibilidade de marca, domínio ou package."
"Clevrel","mechanical_linkage","clevis/linkage","clev+rel","raw_constructed","not_deep_screened","Candidato construído; não implica disponibilidade de marca, domínio ou package."
"Clevris","mechanical_linkage","clevis/linkage","clev+ris","raw_constructed","not_deep_screened","Candidato construído; não implica disponibilidade de marca, domínio ou package."
"Clevric","mechanical_linkage","clevis/linkage","clev+ric","raw_constructed","not_deep_screened","Candidato construído; não implica disponibilidade de marca, domínio ou package."
"Rivel","mechanical_linkage","rivet/linkage","riv+el","raw_constructed","not_deep_screened","Candidato construído; não implica disponibilidade de marca, domínio ou package."
"Riven","mechanical_linkage","rivet/linkage","riv+en","raw_constructed","not_deep_screened","Candidato construído; não implica disponibilidade de marca, domínio ou package."
"River","mechanical_linkage","rivet/linkage","riv+er","raw_constructed","not_deep_screened","Candidato construído; não implica disponibilidade de marca, domínio ou package."
"Rivis","mechanical_linkage","rivet/linkage","riv+is","raw_constructed","not_deep_screened","Candidato construído; não implica disponibilidade de marca, domínio ou package."
"Rivor","mechanical_linkage","rivet/linkage","riv+or","raw_constructed","not_deep_screened","Candidato construído; não implica disponibilidade de marca, domínio ou package."
"Rivir","mechanical_linkage","rivet/linkage","riv+ir","raw_constructed","not_deep_screened","Candidato construído; não implica disponibilidade de marca, domínio ou package."
"Rivik","mechanical_linkage","rivet/linkage","riv+ik","raw_constructed","not_deep_screened","Candidato construído; não implica disponibilidade de marca, domínio ou package."
"Rivin","mechanical_linkage","rivet/linkage","riv+in","raw_constructed","not_deep_screened","Candidato construído; não implica disponibilidade de marca, domínio ou package."
"Rival","mechanical_linkage","rivet/linkage","riv+al","raw_constructed","not_deep_screened","Candidato construído; não implica disponibilidade de marca, domínio ou package."
"Rivan","mechanical_linkage","rivet/linkage","riv+an","raw_constructed","not_deep_screened","Candidato construído; não implica disponibilidade de marca, domínio ou package."
"Rivet","mechanical_linkage","rivet/linkage","riv+et","raw_constructed","not_deep_screened","Candidato construído; não implica disponibilidade de marca, domínio ou package."
"Rivon","mechanical_linkage","rivet/linkage","riv+on","raw_constructed","not_deep_screened","Candidato construído; não implica disponibilidade de marca, domínio ou package."
"Rivex","mechanical_linkage","rivet/linkage","riv+ex","raw_constructed","not_deep_screened","Candidato construído; não implica disponibilidade de marca, domínio ou package."
"Rivic","mechanical_linkage","rivet/linkage","riv+ic","raw_constructed","not_deep_screened","Candidato construído; não implica disponibilidade de marca, domínio ou package."
"Rivum","mechanical_linkage","rivet/linkage","riv+um","raw_constructed","not_deep_screened","Candidato construído; não implica disponibilidade de marca, domínio ou package."
"Rivus","mechanical_linkage","rivet/linkage","riv+us","raw_constructed","not_deep_screened","Candidato construído; não implica disponibilidade de marca, domínio ou package."
"Rivio","mechanical_linkage","rivet/linkage","riv+io","raw_constructed","not_deep_screened","Candidato construído; não implica disponibilidade de marca, domínio ou package."
"Rivar","mechanical_linkage","rivet/linkage","riv+ar","raw_constructed","not_deep_screened","Candidato construído; não implica disponibilidade de marca, domínio ou package."
"Rivren","mechanical_linkage","rivet/linkage","riv+ren","raw_constructed","not_deep_screened","Candidato construído; não implica disponibilidade de marca, domínio ou package."
"Rivrel","mechanical_linkage","rivet/linkage","riv+rel","raw_constructed","not_deep_screened","Candidato construído; não implica disponibilidade de marca, domínio ou package."
"Rivris","mechanical_linkage","rivet/linkage","riv+ris","raw_constructed","not_deep_screened","Candidato construído; não implica disponibilidade de marca, domínio ou package."
"Rivric","mechanical_linkage","rivet/linkage","riv+ric","raw_constructed","not_deep_screened","Candidato construído; não implica disponibilidade de marca, domínio ou package."
"Kinel","motion_action","kinetic/action","kin+el","raw_constructed","not_deep_screened","Candidato construído; não implica disponibilidade de marca, domínio ou package."
"Kinen","motion_action","kinetic/action","kin+en","raw_constructed","not_deep_screened","Candidato construído; não implica disponibilidade de marca, domínio ou package."
"Kiner","motion_action","kinetic/action","kin+er","raw_constructed","not_deep_screened","Candidato construído; não implica disponibilidade de marca, domínio ou package."
"Kinis","motion_action","kinetic/action","kin+is","raw_constructed","not_deep_screened","Candidato construído; não implica disponibilidade de marca, domínio ou package."
"Kinor","motion_action","kinetic/action","kin+or","raw_constructed","not_deep_screened","Candidato construído; não implica disponibilidade de marca, domínio ou package."
"Kinir","motion_action","kinetic/action","kin+ir","raw_constructed","not_deep_screened","Candidato construído; não implica disponibilidade de marca, domínio ou package."
"Kinik","motion_action","kinetic/action","kin+ik","raw_constructed","not_deep_screened","Candidato construído; não implica disponibilidade de marca, domínio ou package."
"Kinin","motion_action","kinetic/action","kin+in","raw_constructed","not_deep_screened","Candidato construído; não implica disponibilidade de marca, domínio ou package."
"Kinal","motion_action","kinetic/action","kin+al","raw_constructed","not_deep_screened","Candidato construído; não implica disponibilidade de marca, domínio ou package."
"Kinan","motion_action","kinetic/action","kin+an","raw_constructed","not_deep_screened","Candidato construído; não implica disponibilidade de marca, domínio ou package."
"Kinet","motion_action","kinetic/action","kin+et","raw_constructed","not_deep_screened","Candidato construído; não implica disponibilidade de marca, domínio ou package."
"Kinon","motion_action","kinetic/action","kin+on","raw_constructed","not_deep_screened","Candidato construído; não implica disponibilidade de marca, domínio ou package."
"Kinex","motion_action","kinetic/action","kin+ex","raw_constructed","not_deep_screened","Candidato construído; não implica disponibilidade de marca, domínio ou package."
"Kinic","motion_action","kinetic/action","kin+ic","raw_constructed","not_deep_screened","Candidato construído; não implica disponibilidade de marca, domínio ou package."
"Kinum","motion_action","kinetic/action","kin+um","raw_constructed","not_deep_screened","Candidato construído; não implica disponibilidade de marca, domínio ou package."
"Kinus","motion_action","kinetic/action","kin+us","raw_constructed","not_deep_screened","Candidato construído; não implica disponibilidade de marca, domínio ou package."
"Kinio","motion_action","kinetic/action","kin+io","raw_constructed","not_deep_screened","Candidato construído; não implica disponibilidade de marca, domínio ou package."
"Kinar","motion_action","kinetic/action","kin+ar","raw_constructed","not_deep_screened","Candidato construído; não implica disponibilidade de marca, domínio ou package."
"Kinren","motion_action","kinetic/action","kin+ren","raw_constructed","not_deep_screened","Candidato construído; não implica disponibilidade de marca, domínio ou package."
"Kinrel","motion_action","kinetic/action","kin+rel","raw_constructed","not_deep_screened","Candidato construído; não implica disponibilidade de marca, domínio ou package."
"Kinris","motion_action","kinetic/action","kin+ris","raw_constructed","not_deep_screened","Candidato construído; não implica disponibilidade de marca, domínio ou package."
"Kinric","motion_action","kinetic/action","kin+ric","raw_constructed","not_deep_screened","Candidato construído; não implica disponibilidade de marca, domínio ou package."
"Motel","motion_action","motion/motor","mot+el","raw_constructed","not_deep_screened","Candidato construído; não implica disponibilidade de marca, domínio ou package."
"Moten","motion_action","motion/motor","mot+en","raw_constructed","not_deep_screened","Candidato construído; não implica disponibilidade de marca, domínio ou package."
"Moter","motion_action","motion/motor","mot+er","raw_constructed","not_deep_screened","Candidato construído; não implica disponibilidade de marca, domínio ou package."
"Motis","motion_action","motion/motor","mot+is","raw_constructed","not_deep_screened","Candidato construído; não implica disponibilidade de marca, domínio ou package."
"Motor","motion_action","motion/motor","mot+or","raw_constructed","not_deep_screened","Candidato construído; não implica disponibilidade de marca, domínio ou package."
"Motir","motion_action","motion/motor","mot+ir","raw_constructed","not_deep_screened","Candidato construído; não implica disponibilidade de marca, domínio ou package."
"Motik","motion_action","motion/motor","mot+ik","raw_constructed","not_deep_screened","Candidato construído; não implica disponibilidade de marca, domínio ou package."
"Motin","motion_action","motion/motor","mot+in","raw_constructed","not_deep_screened","Candidato construído; não implica disponibilidade de marca, domínio ou package."
"Motal","motion_action","motion/motor","mot+al","raw_constructed","not_deep_screened","Candidato construído; não implica disponibilidade de marca, domínio ou package."
"Motan","motion_action","motion/motor","mot+an","raw_constructed","not_deep_screened","Candidato construído; não implica disponibilidade de marca, domínio ou package."
"Motet","motion_action","motion/motor","mot+et","raw_constructed","not_deep_screened","Candidato construído; não implica disponibilidade de marca, domínio ou package."
"Moton","motion_action","motion/motor","mot+on","raw_constructed","not_deep_screened","Candidato construído; não implica disponibilidade de marca, domínio ou package."
"Motex","motion_action","motion/motor","mot+ex","raw_constructed","not_deep_screened","Candidato construído; não implica disponibilidade de marca, domínio ou package."
"Motic","motion_action","motion/motor","mot+ic","raw_constructed","not_deep_screened","Candidato construído; não implica disponibilidade de marca, domínio ou package."
"Motum","motion_action","motion/motor","mot+um","raw_constructed","not_deep_screened","Candidato construído; não implica disponibilidade de marca, domínio ou package."
"Motus","motion_action","motion/motor","mot+us","raw_constructed","not_deep_screened","Candidato construído; não implica disponibilidade de marca, domínio ou package."
"Motio","motion_action","motion/motor","mot+io","raw_constructed","not_deep_screened","Candidato construído; não implica disponibilidade de marca, domínio ou package."
"Motar","motion_action","motion/motor","mot+ar","raw_constructed","not_deep_screened","Candidato construído; não implica disponibilidade de marca, domínio ou package."
"Motren","motion_action","motion/motor","mot+ren","raw_constructed","not_deep_screened","Candidato construído; não implica disponibilidade de marca, domínio ou package."
"Motrel","motion_action","motion/motor","mot+rel","raw_constructed","not_deep_screened","Candidato construído; não implica disponibilidade de marca, domínio ou package."
"Motris","motion_action","motion/motor","mot+ris","raw_constructed","not_deep_screened","Candidato construído; não implica disponibilidade de marca, domínio ou package."
"Motric","motion_action","motion/motor","mot+ric","raw_constructed","not_deep_screened","Candidato construído; não implica disponibilidade de marca, domínio ou package."
"Praxel","praxis_action","praxis: action","prax+el","raw_constructed","not_deep_screened","Candidato construído; não implica disponibilidade de marca, domínio ou package."
"Praxen","praxis_action","praxis: action","prax+en","raw_constructed","not_deep_screened","Candidato construído; não implica disponibilidade de marca, domínio ou package."
"Praxer","praxis_action","praxis: action","prax+er","raw_constructed","not_deep_screened","Candidato construído; não implica disponibilidade de marca, domínio ou package."
"Praxis","praxis_action","praxis: action","prax+is","raw_constructed","not_deep_screened","Candidato construído; não implica disponibilidade de marca, domínio ou package."
"Praxor","praxis_action","praxis: action","prax+or","raw_constructed","not_deep_screened","Candidato construído; não implica disponibilidade de marca, domínio ou package."
"Praxir","praxis_action","praxis: action","prax+ir","raw_constructed","not_deep_screened","Candidato construído; não implica disponibilidade de marca, domínio ou package."
"Praxik","praxis_action","praxis: action","prax+ik","raw_constructed","not_deep_screened","Candidato construído; não implica disponibilidade de marca, domínio ou package."
"Praxin","praxis_action","praxis: action","prax+in","raw_constructed","not_deep_screened","Candidato construído; não implica disponibilidade de marca, domínio ou package."
"Praxal","praxis_action","praxis: action","prax+al","raw_constructed","not_deep_screened","Candidato construído; não implica disponibilidade de marca, domínio ou package."
"Praxan","praxis_action","praxis: action","prax+an","raw_constructed","not_deep_screened","Candidato construído; não implica disponibilidade de marca, domínio ou package."
"Praxet","praxis_action","praxis: action","prax+et","raw_constructed","not_deep_screened","Candidato construído; não implica disponibilidade de marca, domínio ou package."
"Praxon","praxis_action","praxis: action","prax+on","raw_constructed","not_deep_screened","Candidato construído; não implica disponibilidade de marca, domínio ou package."
"Praxex","praxis_action","praxis: action","prax+ex","raw_constructed","not_deep_screened","Candidato construído; não implica disponibilidade de marca, domínio ou package."
"Praxic","praxis_action","praxis: action","prax+ic","raw_constructed","not_deep_screened","Candidato construído; não implica disponibilidade de marca, domínio ou package."
"Praxum","praxis_action","praxis: action","prax+um","raw_constructed","not_deep_screened","Candidato construído; não implica disponibilidade de marca, domínio ou package."
"Praxus","praxis_action","praxis: action","prax+us","raw_constructed","not_deep_screened","Candidato construído; não implica disponibilidade de marca, domínio ou package."
"Praxio","praxis_action","praxis: action","prax+io","raw_constructed","not_deep_screened","Candidato construído; não implica disponibilidade de marca, domínio ou package."
"Praxar","praxis_action","praxis: action","prax+ar","raw_constructed","not_deep_screened","Candidato construído; não implica disponibilidade de marca, domínio ou package."
"Praxren","praxis_action","praxis: action","prax+ren","raw_constructed","not_deep_screened","Candidato construído; não implica disponibilidade de marca, domínio ou package."
"Praxrel","praxis_action","praxis: action","prax+rel","raw_constructed","not_deep_screened","Candidato construído; não implica disponibilidade de marca, domínio ou package."
"Praxris","praxis_action","praxis: action","prax+ris","raw_constructed","not_deep_screened","Candidato construído; não implica disponibilidade de marca, domínio ou package."
"Praxric","praxis_action","praxis: action","prax+ric","raw_constructed","not_deep_screened","Candidato construído; não implica disponibilidade de marca, domínio ou package."
"Prehel","reach_grasp","prehension/grasp","preh+el","raw_constructed","not_deep_screened","Candidato construído; não implica disponibilidade de marca, domínio ou package."
"Prehen","reach_grasp","prehension/grasp","preh+en","raw_constructed","not_deep_screened","Candidato construído; não implica disponibilidade de marca, domínio ou package."
"Preher","reach_grasp","prehension/grasp","preh+er","raw_constructed","not_deep_screened","Candidato construído; não implica disponibilidade de marca, domínio ou package."
"Prehis","reach_grasp","prehension/grasp","preh+is","raw_constructed","not_deep_screened","Candidato construído; não implica disponibilidade de marca, domínio ou package."
"Prehor","reach_grasp","prehension/grasp","preh+or","raw_constructed","not_deep_screened","Candidato construído; não implica disponibilidade de marca, domínio ou package."
"Prehir","reach_grasp","prehension/grasp","preh+ir","raw_constructed","not_deep_screened","Candidato construído; não implica disponibilidade de marca, domínio ou package."
"Prehik","reach_grasp","prehension/grasp","preh+ik","raw_constructed","not_deep_screened","Candidato construído; não implica disponibilidade de marca, domínio ou package."
"Prehin","reach_grasp","prehension/grasp","preh+in","raw_constructed","not_deep_screened","Candidato construído; não implica disponibilidade de marca, domínio ou package."
"Prehal","reach_grasp","prehension/grasp","preh+al","raw_constructed","not_deep_screened","Candidato construído; não implica disponibilidade de marca, domínio ou package."
"Prehan","reach_grasp","prehension/grasp","preh+an","raw_constructed","not_deep_screened","Candidato construído; não implica disponibilidade de marca, domínio ou package."
"Prehet","reach_grasp","prehension/grasp","preh+et","raw_constructed","not_deep_screened","Candidato construído; não implica disponibilidade de marca, domínio ou package."
"Prehon","reach_grasp","prehension/grasp","preh+on","raw_constructed","not_deep_screened","Candidato construído; não implica disponibilidade de marca, domínio ou package."
"Prehex","reach_grasp","prehension/grasp","preh+ex","raw_constructed","not_deep_screened","Candidato construído; não implica disponibilidade de marca, domínio ou package."
"Prehic","reach_grasp","prehension/grasp","preh+ic","raw_constructed","not_deep_screened","Candidato construído; não implica disponibilidade de marca, domínio ou package."
"Prehum","reach_grasp","prehension/grasp","preh+um","raw_constructed","not_deep_screened","Candidato construído; não implica disponibilidade de marca, domínio ou package."
"Prehus","reach_grasp","prehension/grasp","preh+us","raw_constructed","not_deep_screened","Candidato construído; não implica disponibilidade de marca, domínio ou package."
"Prehio","reach_grasp","prehension/grasp","preh+io","raw_constructed","not_deep_screened","Candidato construído; não implica disponibilidade de marca, domínio ou package."
"Prehar","reach_grasp","prehension/grasp","preh+ar","raw_constructed","not_deep_screened","Candidato construído; não implica disponibilidade de marca, domínio ou package."
"Prehren","reach_grasp","prehension/grasp","preh+ren","raw_constructed","not_deep_screened","Candidato construído; não implica disponibilidade de marca, domínio ou package."
"Prehrel","reach_grasp","prehension/grasp","preh+rel","raw_constructed","not_deep_screened","Candidato construído; não implica disponibilidade de marca, domínio ou package."
"Prehris","reach_grasp","prehension/grasp","preh+ris","raw_constructed","not_deep_screened","Candidato construído; não implica disponibilidade de marca, domínio ou package."
"Prehric","reach_grasp","prehension/grasp","preh+ric","raw_constructed","not_deep_screened","Candidato construído; não implica disponibilidade de marca, domínio ou package."
"Grapel","reach_grasp","grasp/grapple","grap+el","raw_constructed","not_deep_screened","Candidato construído; não implica disponibilidade de marca, domínio ou package."
"Grapen","reach_grasp","grasp/grapple","grap+en","raw_constructed","not_deep_screened","Candidato construído; não implica disponibilidade de marca, domínio ou package."
"Graper","reach_grasp","grasp/grapple","grap+er","raw_constructed","not_deep_screened","Candidato construído; não implica disponibilidade de marca, domínio ou package."
"Grapis","reach_grasp","grasp/grapple","grap+is","raw_constructed","not_deep_screened","Candidato construído; não implica disponibilidade de marca, domínio ou package."
"Grapor","reach_grasp","grasp/grapple","grap+or","raw_constructed","not_deep_screened","Candidato construído; não implica disponibilidade de marca, domínio ou package."
"Grapir","reach_grasp","grasp/grapple","grap+ir","raw_constructed","not_deep_screened","Candidato construído; não implica disponibilidade de marca, domínio ou package."
"Grapik","reach_grasp","grasp/grapple","grap+ik","raw_constructed","not_deep_screened","Candidato construído; não implica disponibilidade de marca, domínio ou package."
"Grapin","reach_grasp","grasp/grapple","grap+in","raw_constructed","not_deep_screened","Candidato construído; não implica disponibilidade de marca, domínio ou package."
"Grapal","reach_grasp","grasp/grapple","grap+al","raw_constructed","not_deep_screened","Candidato construído; não implica disponibilidade de marca, domínio ou package."
"Grapan","reach_grasp","grasp/grapple","grap+an","raw_constructed","not_deep_screened","Candidato construído; não implica disponibilidade de marca, domínio ou package."
"Grapet","reach_grasp","grasp/grapple","grap+et","raw_constructed","not_deep_screened","Candidato construído; não implica disponibilidade de marca, domínio ou package."
"Grapon","reach_grasp","grasp/grapple","grap+on","raw_constructed","not_deep_screened","Candidato construído; não implica disponibilidade de marca, domínio ou package."
"Grapex","reach_grasp","grasp/grapple","grap+ex","raw_constructed","not_deep_screened","Candidato construído; não implica disponibilidade de marca, domínio ou package."
"Grapic","reach_grasp","grasp/grapple","grap+ic","raw_constructed","not_deep_screened","Candidato construído; não implica disponibilidade de marca, domínio ou package."
"Grapum","reach_grasp","grasp/grapple","grap+um","raw_constructed","not_deep_screened","Candidato construído; não implica disponibilidade de marca, domínio ou package."
"Grapus","reach_grasp","grasp/grapple","grap+us","raw_constructed","not_deep_screened","Candidato construído; não implica disponibilidade de marca, domínio ou package."
"Grapio","reach_grasp","grasp/grapple","grap+io","raw_constructed","not_deep_screened","Candidato construído; não implica disponibilidade de marca, domínio ou package."
"Grapar","reach_grasp","grasp/grapple","grap+ar","raw_constructed","not_deep_screened","Candidato construído; não implica disponibilidade de marca, domínio ou package."
"Grapren","reach_grasp","grasp/grapple","grap+ren","raw_constructed","not_deep_screened","Candidato construído; não implica disponibilidade de marca, domínio ou package."
"Graprel","reach_grasp","grasp/grapple","grap+rel","raw_constructed","not_deep_screened","Candidato construído; não implica disponibilidade de marca, domínio ou package."
"Grapris","reach_grasp","grasp/grapple","grap+ris","raw_constructed","not_deep_screened","Candidato construído; não implica disponibilidade de marca, domínio ou package."
"Grapric","reach_grasp","grasp/grapple","grap+ric","raw_constructed","not_deep_screened","Candidato construído; não implica disponibilidade de marca, domínio ou package."
"Axonel","nervous_system","axon/outgoing signal","axon+el","raw_constructed","not_deep_screened","Candidato construído; não implica disponibilidade de marca, domínio ou package."
"Axonen","nervous_system","axon/outgoing signal","axon+en","raw_constructed","not_deep_screened","Candidato construído; não implica disponibilidade de marca, domínio ou package."
"Axoner","nervous_system","axon/outgoing signal","axon+er","raw_constructed","not_deep_screened","Candidato construído; não implica disponibilidade de marca, domínio ou package."
"Axonis","nervous_system","axon/outgoing signal","axon+is","raw_constructed","not_deep_screened","Candidato construído; não implica disponibilidade de marca, domínio ou package."
"Axonor","nervous_system","axon/outgoing signal","axon+or","raw_constructed","not_deep_screened","Candidato construído; não implica disponibilidade de marca, domínio ou package."
"Axonir","nervous_system","axon/outgoing signal","axon+ir","raw_constructed","not_deep_screened","Candidato construído; não implica disponibilidade de marca, domínio ou package."
"Axonik","nervous_system","axon/outgoing signal","axon+ik","raw_constructed","not_deep_screened","Candidato construído; não implica disponibilidade de marca, domínio ou package."
"Axonin","nervous_system","axon/outgoing signal","axon+in","raw_constructed","not_deep_screened","Candidato construído; não implica disponibilidade de marca, domínio ou package."
"Axonal","nervous_system","axon/outgoing signal","axon+al","raw_constructed","not_deep_screened","Candidato construído; não implica disponibilidade de marca, domínio ou package."
"Axonan","nervous_system","axon/outgoing signal","axon+an","raw_constructed","not_deep_screened","Candidato construído; não implica disponibilidade de marca, domínio ou package."
"Axonet","nervous_system","axon/outgoing signal","axon+et","raw_constructed","not_deep_screened","Candidato construído; não implica disponibilidade de marca, domínio ou package."
"Axonon","nervous_system","axon/outgoing signal","axon+on","raw_constructed","not_deep_screened","Candidato construído; não implica disponibilidade de marca, domínio ou package."
"Axonex","nervous_system","axon/outgoing signal","axon+ex","raw_constructed","not_deep_screened","Candidato construído; não implica disponibilidade de marca, domínio ou package."
"Axonic","nervous_system","axon/outgoing signal","axon+ic","raw_constructed","not_deep_screened","Candidato construído; não implica disponibilidade de marca, domínio ou package."
"Axonum","nervous_system","axon/outgoing signal","axon+um","raw_constructed","not_deep_screened","Candidato construído; não implica disponibilidade de marca, domínio ou package."
"Axonus","nervous_system","axon/outgoing signal","axon+us","raw_constructed","not_deep_screened","Candidato construído; não implica disponibilidade de marca, domínio ou package."
"Axonio","nervous_system","axon/outgoing signal","axon+io","raw_constructed","not_deep_screened","Candidato construído; não implica disponibilidade de marca, domínio ou package."
"Axonar","nervous_system","axon/outgoing signal","axon+ar","raw_constructed","not_deep_screened","Candidato construído; não implica disponibilidade de marca, domínio ou package."
"Axonren","nervous_system","axon/outgoing signal","axon+ren","raw_constructed","not_deep_screened","Candidato construído; não implica disponibilidade de marca, domínio ou package."
"Axonrel","nervous_system","axon/outgoing signal","axon+rel","raw_constructed","not_deep_screened","Candidato construído; não implica disponibilidade de marca, domínio ou package."
"Axonris","nervous_system","axon/outgoing signal","axon+ris","raw_constructed","not_deep_screened","Candidato construído; não implica disponibilidade de marca, domínio ou package."
"Axonric","nervous_system","axon/outgoing signal","axon+ric","raw_constructed","not_deep_screened","Candidato construído; não implica disponibilidade de marca, domínio ou package."
"Synel","nervous_system","synapse/coordination","syn+el","raw_constructed","not_deep_screened","Candidato construído; não implica disponibilidade de marca, domínio ou package."
"Synen","nervous_system","synapse/coordination","syn+en","raw_constructed","not_deep_screened","Candidato construído; não implica disponibilidade de marca, domínio ou package."
"Syner","nervous_system","synapse/coordination","syn+er","raw_constructed","not_deep_screened","Candidato construído; não implica disponibilidade de marca, domínio ou package."
"Synis","nervous_system","synapse/coordination","syn+is","raw_constructed","not_deep_screened","Candidato construído; não implica disponibilidade de marca, domínio ou package."
"Synor","nervous_system","synapse/coordination","syn+or","raw_constructed","not_deep_screened","Candidato construído; não implica disponibilidade de marca, domínio ou package."
"Synir","nervous_system","synapse/coordination","syn+ir","raw_constructed","not_deep_screened","Candidato construído; não implica disponibilidade de marca, domínio ou package."
"Synik","nervous_system","synapse/coordination","syn+ik","raw_constructed","not_deep_screened","Candidato construído; não implica disponibilidade de marca, domínio ou package."
"Synin","nervous_system","synapse/coordination","syn+in","raw_constructed","not_deep_screened","Candidato construído; não implica disponibilidade de marca, domínio ou package."
"Synal","nervous_system","synapse/coordination","syn+al","raw_constructed","not_deep_screened","Candidato construído; não implica disponibilidade de marca, domínio ou package."
"Synan","nervous_system","synapse/coordination","syn+an","raw_constructed","not_deep_screened","Candidato construído; não implica disponibilidade de marca, domínio ou package."
"Synet","nervous_system","synapse/coordination","syn+et","raw_constructed","not_deep_screened","Candidato construído; não implica disponibilidade de marca, domínio ou package."
"Synon","nervous_system","synapse/coordination","syn+on","raw_constructed","not_deep_screened","Candidato construído; não implica disponibilidade de marca, domínio ou package."
"Synex","nervous_system","synapse/coordination","syn+ex","raw_constructed","not_deep_screened","Candidato construído; não implica disponibilidade de marca, domínio ou package."
"Synic","nervous_system","synapse/coordination","syn+ic","raw_constructed","not_deep_screened","Candidato construído; não implica disponibilidade de marca, domínio ou package."
"Synum","nervous_system","synapse/coordination","syn+um","raw_constructed","not_deep_screened","Candidato construído; não implica disponibilidade de marca, domínio ou package."
"Synus","nervous_system","synapse/coordination","syn+us","raw_constructed","not_deep_screened","Candidato construído; não implica disponibilidade de marca, domínio ou package."
"Synio","nervous_system","synapse/coordination","syn+io","raw_constructed","not_deep_screened","Candidato construído; não implica disponibilidade de marca, domínio ou package."
"Synar","nervous_system","synapse/coordination","syn+ar","raw_constructed","not_deep_screened","Candidato construído; não implica disponibilidade de marca, domínio ou package."
"Synren","nervous_system","synapse/coordination","syn+ren","raw_constructed","not_deep_screened","Candidato construído; não implica disponibilidade de marca, domínio ou package."
"Synrel","nervous_system","synapse/coordination","syn+rel","raw_constructed","not_deep_screened","Candidato construído; não implica disponibilidade de marca, domínio ou package."
"Synris","nervous_system","synapse/coordination","syn+ris","raw_constructed","not_deep_screened","Candidato construído; não implica disponibilidade de marca, domínio ou package."
"Synric","nervous_system","synapse/coordination","syn+ric","raw_constructed","not_deep_screened","Candidato construído; não implica disponibilidade de marca, domínio ou package."
"Vectel","guidance_navigation","vector/direction","vect+el","raw_constructed","not_deep_screened","Candidato construído; não implica disponibilidade de marca, domínio ou package."
"Vecten","guidance_navigation","vector/direction","vect+en","raw_constructed","not_deep_screened","Candidato construído; não implica disponibilidade de marca, domínio ou package."
"Vecter","guidance_navigation","vector/direction","vect+er","raw_constructed","not_deep_screened","Candidato construído; não implica disponibilidade de marca, domínio ou package."
"Vectis","guidance_navigation","vector/direction","vect+is","raw_constructed","not_deep_screened","Candidato construído; não implica disponibilidade de marca, domínio ou package."
"Vector","guidance_navigation","vector/direction","vect+or","raw_constructed","not_deep_screened","Candidato construído; não implica disponibilidade de marca, domínio ou package."
"Vectir","guidance_navigation","vector/direction","vect+ir","raw_constructed","not_deep_screened","Candidato construído; não implica disponibilidade de marca, domínio ou package."
"Vectik","guidance_navigation","vector/direction","vect+ik","raw_constructed","not_deep_screened","Candidato construído; não implica disponibilidade de marca, domínio ou package."
"Vectin","guidance_navigation","vector/direction","vect+in","raw_constructed","not_deep_screened","Candidato construído; não implica disponibilidade de marca, domínio ou package."
"Vectal","guidance_navigation","vector/direction","vect+al","raw_constructed","not_deep_screened","Candidato construído; não implica disponibilidade de marca, domínio ou package."
"Vectan","guidance_navigation","vector/direction","vect+an","raw_constructed","not_deep_screened","Candidato construído; não implica disponibilidade de marca, domínio ou package."
"Vectet","guidance_navigation","vector/direction","vect+et","raw_constructed","not_deep_screened","Candidato construído; não implica disponibilidade de marca, domínio ou package."
"Vecton","guidance_navigation","vector/direction","vect+on","raw_constructed","not_deep_screened","Candidato construído; não implica disponibilidade de marca, domínio ou package."
"Vectex","guidance_navigation","vector/direction","vect+ex","raw_constructed","not_deep_screened","Candidato construído; não implica disponibilidade de marca, domínio ou package."
"Vectic","guidance_navigation","vector/direction","vect+ic","raw_constructed","not_deep_screened","Candidato construído; não implica disponibilidade de marca, domínio ou package."
"Vectum","guidance_navigation","vector/direction","vect+um","raw_constructed","not_deep_screened","Candidato construído; não implica disponibilidade de marca, domínio ou package."
"Vectus","guidance_navigation","vector/direction","vect+us","raw_constructed","not_deep_screened","Candidato construído; não implica disponibilidade de marca, domínio ou package."
"Vectio","guidance_navigation","vector/direction","vect+io","raw_constructed","not_deep_screened","Candidato construído; não implica disponibilidade de marca, domínio ou package."
"Vectar","guidance_navigation","vector/direction","vect+ar","raw_constructed","not_deep_screened","Candidato construído; não implica disponibilidade de marca, domínio ou package."
"Vectren","guidance_navigation","vector/direction","vect+ren","raw_constructed","not_deep_screened","Candidato construído; não implica disponibilidade de marca, domínio ou package."
"Vectrel","guidance_navigation","vector/direction","vect+rel","raw_constructed","not_deep_screened","Candidato construído; não implica disponibilidade de marca, domínio ou package."
"Vectris","guidance_navigation","vector/direction","vect+ris","raw_constructed","not_deep_screened","Candidato construído; não implica disponibilidade de marca, domínio ou package."
"Vectric","guidance_navigation","vector/direction","vect+ric","raw_constructed","not_deep_screened","Candidato construído; não implica disponibilidade de marca, domínio ou package."
"Nautel","guidance_navigation","navigation","naut+el","raw_constructed","not_deep_screened","Candidato construído; não implica disponibilidade de marca, domínio ou package."
"Nauten","guidance_navigation","navigation","naut+en","raw_constructed","not_deep_screened","Candidato construído; não implica disponibilidade de marca, domínio ou package."
"Nauter","guidance_navigation","navigation","naut+er","raw_constructed","not_deep_screened","Candidato construído; não implica disponibilidade de marca, domínio ou package."
"Nautis","guidance_navigation","navigation","naut+is","raw_constructed","not_deep_screened","Candidato construído; não implica disponibilidade de marca, domínio ou package."
"Nautor","guidance_navigation","navigation","naut+or","raw_constructed","not_deep_screened","Candidato construído; não implica disponibilidade de marca, domínio ou package."
"Nautir","guidance_navigation","navigation","naut+ir","raw_constructed","not_deep_screened","Candidato construído; não implica disponibilidade de marca, domínio ou package."
"Nautik","guidance_navigation","navigation","naut+ik","raw_constructed","not_deep_screened","Candidato construído; não implica disponibilidade de marca, domínio ou package."
"Nautin","guidance_navigation","navigation","naut+in","raw_constructed","not_deep_screened","Candidato construído; não implica disponibilidade de marca, domínio ou package."
"Nautal","guidance_navigation","navigation","naut+al","raw_constructed","not_deep_screened","Candidato construído; não implica disponibilidade de marca, domínio ou package."
"Nautan","guidance_navigation","navigation","naut+an","raw_constructed","not_deep_screened","Candidato construído; não implica disponibilidade de marca, domínio ou package."
"Nautet","guidance_navigation","navigation","naut+et","raw_constructed","not_deep_screened","Candidato construído; não implica disponibilidade de marca, domínio ou package."
"Nauton","guidance_navigation","navigation","naut+on","raw_constructed","not_deep_screened","Candidato construído; não implica disponibilidade de marca, domínio ou package."
"Nautex","guidance_navigation","navigation","naut+ex","raw_constructed","not_deep_screened","Candidato construído; não implica disponibilidade de marca, domínio ou package."
"Nautic","guidance_navigation","navigation","naut+ic","raw_constructed","not_deep_screened","Candidato construído; não implica disponibilidade de marca, domínio ou package."
"Nautum","guidance_navigation","navigation","naut+um","raw_constructed","not_deep_screened","Candidato construído; não implica disponibilidade de marca, domínio ou package."
"Nautus","guidance_navigation","navigation","naut+us","raw_constructed","not_deep_screened","Candidato construído; não implica disponibilidade de marca, domínio ou package."
"Nautio","guidance_navigation","navigation","naut+io","raw_constructed","not_deep_screened","Candidato construído; não implica disponibilidade de marca, domínio ou package."
"Nautar","guidance_navigation","navigation","naut+ar","raw_constructed","not_deep_screened","Candidato construído; não implica disponibilidade de marca, domínio ou package."
"Nautren","guidance_navigation","navigation","naut+ren","raw_constructed","not_deep_screened","Candidato construído; não implica disponibilidade de marca, domínio ou package."
"Nautrel","guidance_navigation","navigation","naut+rel","raw_constructed","not_deep_screened","Candidato construído; não implica disponibilidade de marca, domínio ou package."
"Nautris","guidance_navigation","navigation","naut+ris","raw_constructed","not_deep_screened","Candidato construído; não implica disponibilidade de marca, domínio ou package."
"Nautric","guidance_navigation","navigation","naut+ric","raw_constructed","not_deep_screened","Candidato construído; não implica disponibilidade de marca, domínio ou package."
"Limel","threshold_gateway","limen/threshold","lim+el","raw_constructed","not_deep_screened","Candidato construído; não implica disponibilidade de marca, domínio ou package."
"Limen","threshold_gateway","limen/threshold","lim+en","raw_constructed","not_deep_screened","Candidato construído; não implica disponibilidade de marca, domínio ou package."
"Limer","threshold_gateway","limen/threshold","lim+er","raw_constructed","not_deep_screened","Candidato construído; não implica disponibilidade de marca, domínio ou package."
"Limis","threshold_gateway","limen/threshold","lim+is","raw_constructed","not_deep_screened","Candidato construído; não implica disponibilidade de marca, domínio ou package."
"Limor","threshold_gateway","limen/threshold","lim+or","raw_constructed","not_deep_screened","Candidato construído; não implica disponibilidade de marca, domínio ou package."
"Limir","threshold_gateway","limen/threshold","lim+ir","raw_constructed","not_deep_screened","Candidato construído; não implica disponibilidade de marca, domínio ou package."
"Limik","threshold_gateway","limen/threshold","lim+ik","raw_constructed","not_deep_screened","Candidato construído; não implica disponibilidade de marca, domínio ou package."
"Limin","threshold_gateway","limen/threshold","lim+in","raw_constructed","not_deep_screened","Candidato construído; não implica disponibilidade de marca, domínio ou package."
"Limal","threshold_gateway","limen/threshold","lim+al","raw_constructed","not_deep_screened","Candidato construído; não implica disponibilidade de marca, domínio ou package."
"Liman","threshold_gateway","limen/threshold","lim+an","raw_constructed","not_deep_screened","Candidato construído; não implica disponibilidade de marca, domínio ou package."
"Limet","threshold_gateway","limen/threshold","lim+et","raw_constructed","not_deep_screened","Candidato construído; não implica disponibilidade de marca, domínio ou package."
"Limon","threshold_gateway","limen/threshold","lim+on","raw_constructed","not_deep_screened","Candidato construído; não implica disponibilidade de marca, domínio ou package."
"Limex","threshold_gateway","limen/threshold","lim+ex","raw_constructed","not_deep_screened","Candidato construído; não implica disponibilidade de marca, domínio ou package."
"Limic","threshold_gateway","limen/threshold","lim+ic","raw_constructed","not_deep_screened","Candidato construído; não implica disponibilidade de marca, domínio ou package."
"Limum","threshold_gateway","limen/threshold","lim+um","raw_constructed","not_deep_screened","Candidato construído; não implica disponibilidade de marca, domínio ou package."
"Limus","threshold_gateway","limen/threshold","lim+us","raw_constructed","not_deep_screened","Candidato construído; não implica disponibilidade de marca, domínio ou package."
"Limio","threshold_gateway","limen/threshold","lim+io","raw_constructed","not_deep_screened","Candidato construído; não implica disponibilidade de marca, domínio ou package."
"Limar","threshold_gateway","limen/threshold","lim+ar","raw_constructed","not_deep_screened","Candidato construído; não implica disponibilidade de marca, domínio ou package."
"Limren","threshold_gateway","limen/threshold","lim+ren","raw_constructed","not_deep_screened","Candidato construído; não implica disponibilidade de marca, domínio ou package."
"Limrel","threshold_gateway","limen/threshold","lim+rel","raw_constructed","not_deep_screened","Candidato construído; não implica disponibilidade de marca, domínio ou package."
"Limris","threshold_gateway","limen/threshold","lim+ris","raw_constructed","not_deep_screened","Candidato construído; não implica disponibilidade de marca, domínio ou package."
"Limric","threshold_gateway","limen/threshold","lim+ric","raw_constructed","not_deep_screened","Candidato construído; não implica disponibilidade de marca, domínio ou package."
"Ductel","paths_channels","conduit/duct/channel","duct+el","raw_constructed","not_deep_screened","Candidato construído; não implica disponibilidade de marca, domínio ou package."
"Ducten","paths_channels","conduit/duct/channel","duct+en","raw_constructed","not_deep_screened","Candidato construído; não implica disponibilidade de marca, domínio ou package."
"Ducter","paths_channels","conduit/duct/channel","duct+er","raw_constructed","not_deep_screened","Candidato construído; não implica disponibilidade de marca, domínio ou package."
"Ductis","paths_channels","conduit/duct/channel","duct+is","raw_constructed","not_deep_screened","Candidato construído; não implica disponibilidade de marca, domínio ou package."
"Ductor","paths_channels","conduit/duct/channel","duct+or","raw_constructed","not_deep_screened","Candidato construído; não implica disponibilidade de marca, domínio ou package."
"Ductir","paths_channels","conduit/duct/channel","duct+ir","raw_constructed","not_deep_screened","Candidato construído; não implica disponibilidade de marca, domínio ou package."
"Ductik","paths_channels","conduit/duct/channel","duct+ik","raw_constructed","not_deep_screened","Candidato construído; não implica disponibilidade de marca, domínio ou package."
"Ductin","paths_channels","conduit/duct/channel","duct+in","raw_constructed","not_deep_screened","Candidato construído; não implica disponibilidade de marca, domínio ou package."
"Ductal","paths_channels","conduit/duct/channel","duct+al","raw_constructed","not_deep_screened","Candidato construído; não implica disponibilidade de marca, domínio ou package."
"Ductan","paths_channels","conduit/duct/channel","duct+an","raw_constructed","not_deep_screened","Candidato construído; não implica disponibilidade de marca, domínio ou package."
"Ductet","paths_channels","conduit/duct/channel","duct+et","raw_constructed","not_deep_screened","Candidato construído; não implica disponibilidade de marca, domínio ou package."
"Ducton","paths_channels","conduit/duct/channel","duct+on","raw_constructed","not_deep_screened","Candidato construído; não implica disponibilidade de marca, domínio ou package."
"Ductex","paths_channels","conduit/duct/channel","duct+ex","raw_constructed","not_deep_screened","Candidato construído; não implica disponibilidade de marca, domínio ou package."
"Ductic","paths_channels","conduit/duct/channel","duct+ic","raw_constructed","not_deep_screened","Candidato construído; não implica disponibilidade de marca, domínio ou package."
"Ductum","paths_channels","conduit/duct/channel","duct+um","raw_constructed","not_deep_screened","Candidato construído; não implica disponibilidade de marca, domínio ou package."
"Ductus","paths_channels","conduit/duct/channel","duct+us","raw_constructed","not_deep_screened","Candidato construído; não implica disponibilidade de marca, domínio ou package."
"Ductio","paths_channels","conduit/duct/channel","duct+io","raw_constructed","not_deep_screened","Candidato construído; não implica disponibilidade de marca, domínio ou package."
"Ductar","paths_channels","conduit/duct/channel","duct+ar","raw_constructed","not_deep_screened","Candidato construído; não implica disponibilidade de marca, domínio ou package."
"Ductren","paths_channels","conduit/duct/channel","duct+ren","raw_constructed","not_deep_screened","Candidato construído; não implica disponibilidade de marca, domínio ou package."
"Ductrel","paths_channels","conduit/duct/channel","duct+rel","raw_constructed","not_deep_screened","Candidato construído; não implica disponibilidade de marca, domínio ou package."
"Ductris","paths_channels","conduit/duct/channel","duct+ris","raw_constructed","not_deep_screened","Candidato construído; não implica disponibilidade de marca, domínio ou package."
"Ductric","paths_channels","conduit/duct/channel","duct+ric","raw_constructed","not_deep_screened","Candidato construído; não implica disponibilidade de marca, domínio ou package."
"Nuntel","messenger_delegate","nuntius/messenger","nunt+el","raw_constructed","not_deep_screened","Candidato construído; não implica disponibilidade de marca, domínio ou package."
"Nunten","messenger_delegate","nuntius/messenger","nunt+en","raw_constructed","not_deep_screened","Candidato construído; não implica disponibilidade de marca, domínio ou package."
"Nunter","messenger_delegate","nuntius/messenger","nunt+er","raw_constructed","not_deep_screened","Candidato construído; não implica disponibilidade de marca, domínio ou package."
"Nuntis","messenger_delegate","nuntius/messenger","nunt+is","raw_constructed","not_deep_screened","Candidato construído; não implica disponibilidade de marca, domínio ou package."
"Nuntor","messenger_delegate","nuntius/messenger","nunt+or","raw_constructed","not_deep_screened","Candidato construído; não implica disponibilidade de marca, domínio ou package."
"Nuntir","messenger_delegate","nuntius/messenger","nunt+ir","raw_constructed","not_deep_screened","Candidato construído; não implica disponibilidade de marca, domínio ou package."
"Nuntik","messenger_delegate","nuntius/messenger","nunt+ik","raw_constructed","not_deep_screened","Candidato construído; não implica disponibilidade de marca, domínio ou package."
"Nuntin","messenger_delegate","nuntius/messenger","nunt+in","raw_constructed","not_deep_screened","Candidato construído; não implica disponibilidade de marca, domínio ou package."
"Nuntal","messenger_delegate","nuntius/messenger","nunt+al","raw_constructed","not_deep_screened","Candidato construído; não implica disponibilidade de marca, domínio ou package."
"Nuntan","messenger_delegate","nuntius/messenger","nunt+an","raw_constructed","not_deep_screened","Candidato construído; não implica disponibilidade de marca, domínio ou package."
"Nuntet","messenger_delegate","nuntius/messenger","nunt+et","raw_constructed","not_deep_screened","Candidato construído; não implica disponibilidade de marca, domínio ou package."
"Nunton","messenger_delegate","nuntius/messenger","nunt+on","raw_constructed","not_deep_screened","Candidato construído; não implica disponibilidade de marca, domínio ou package."
"Nuntex","messenger_delegate","nuntius/messenger","nunt+ex","raw_constructed","not_deep_screened","Candidato construído; não implica disponibilidade de marca, domínio ou package."
"Nuntic","messenger_delegate","nuntius/messenger","nunt+ic","raw_constructed","not_deep_screened","Candidato construído; não implica disponibilidade de marca, domínio ou package."
"Nuntum","messenger_delegate","nuntius/messenger","nunt+um","raw_constructed","not_deep_screened","Candidato construído; não implica disponibilidade de marca, domínio ou package."
"Nuntus","messenger_delegate","nuntius/messenger","nunt+us","raw_constructed","not_deep_screened","Candidato construído; não implica disponibilidade de marca, domínio ou package."
"Nuntio","messenger_delegate","nuntius/messenger","nunt+io","raw_constructed","not_deep_screened","Candidato construído; não implica disponibilidade de marca, domínio ou package."
"Nuntar","messenger_delegate","nuntius/messenger","nunt+ar","raw_constructed","not_deep_screened","Candidato construído; não implica disponibilidade de marca, domínio ou package."
"Nuntren","messenger_delegate","nuntius/messenger","nunt+ren","raw_constructed","not_deep_screened","Candidato construído; não implica disponibilidade de marca, domínio ou package."
"Nuntrel","messenger_delegate","nuntius/messenger","nunt+rel","raw_constructed","not_deep_screened","Candidato construído; não implica disponibilidade de marca, domínio ou package."
"Nuntris","messenger_delegate","nuntius/messenger","nunt+ris","raw_constructed","not_deep_screened","Candidato construído; não implica disponibilidade de marca, domínio ou package."
"Nuntric","messenger_delegate","nuntius/messenger","nunt+ric","raw_constructed","not_deep_screened","Candidato construído; não implica disponibilidade de marca, domínio ou package."
"Envel","messenger_delegate","envoy/delegation","env+el","raw_constructed","not_deep_screened","Candidato construído; não implica disponibilidade de marca, domínio ou package."
"Enven","messenger_delegate","envoy/delegation","env+en","raw_constructed","not_deep_screened","Candidato construído; não implica disponibilidade de marca, domínio ou package."
"Enver","messenger_delegate","envoy/delegation","env+er","raw_constructed","not_deep_screened","Candidato construído; não implica disponibilidade de marca, domínio ou package."
"Envis","messenger_delegate","envoy/delegation","env+is","raw_constructed","not_deep_screened","Candidato construído; não implica disponibilidade de marca, domínio ou package."
"Envor","messenger_delegate","envoy/delegation","env+or","raw_constructed","not_deep_screened","Candidato construído; não implica disponibilidade de marca, domínio ou package."
"Envir","messenger_delegate","envoy/delegation","env+ir","raw_constructed","not_deep_screened","Candidato construído; não implica disponibilidade de marca, domínio ou package."
"Envik","messenger_delegate","envoy/delegation","env+ik","raw_constructed","not_deep_screened","Candidato construído; não implica disponibilidade de marca, domínio ou package."
"Envin","messenger_delegate","envoy/delegation","env+in","raw_constructed","not_deep_screened","Candidato construído; não implica disponibilidade de marca, domínio ou package."
"Enval","messenger_delegate","envoy/delegation","env+al","raw_constructed","not_deep_screened","Candidato construído; não implica disponibilidade de marca, domínio ou package."
"Envan","messenger_delegate","envoy/delegation","env+an","raw_constructed","not_deep_screened","Candidato construído; não implica disponibilidade de marca, domínio ou package."
"Envet","messenger_delegate","envoy/delegation","env+et","raw_constructed","not_deep_screened","Candidato construído; não implica disponibilidade de marca, domínio ou package."
"Envon","messenger_delegate","envoy/delegation","env+on","raw_constructed","not_deep_screened","Candidato construído; não implica disponibilidade de marca, domínio ou package."
"Envex","messenger_delegate","envoy/delegation","env+ex","raw_constructed","not_deep_screened","Candidato construído; não implica disponibilidade de marca, domínio ou package."
"Envic","messenger_delegate","envoy/delegation","env+ic","raw_constructed","not_deep_screened","Candidato construído; não implica disponibilidade de marca, domínio ou package."
"Envum","messenger_delegate","envoy/delegation","env+um","raw_constructed","not_deep_screened","Candidato construído; não implica disponibilidade de marca, domínio ou package."
"Envus","messenger_delegate","envoy/delegation","env+us","raw_constructed","not_deep_screened","Candidato construído; não implica disponibilidade de marca, domínio ou package."
"Envio","messenger_delegate","envoy/delegation","env+io","raw_constructed","not_deep_screened","Candidato construído; não implica disponibilidade de marca, domínio ou package."
"Envar","messenger_delegate","envoy/delegation","env+ar","raw_constructed","not_deep_screened","Candidato construído; não implica disponibilidade de marca, domínio ou package."
"Envren","messenger_delegate","envoy/delegation","env+ren","raw_constructed","not_deep_screened","Candidato construído; não implica disponibilidade de marca, domínio ou package."
"Envrel","messenger_delegate","envoy/delegation","env+rel","raw_constructed","not_deep_screened","Candidato construído; não implica disponibilidade de marca, domínio ou package."
"Envris","messenger_delegate","envoy/delegation","env+ris","raw_constructed","not_deep_screened","Candidato construído; não implica disponibilidade de marca, domínio ou package."
"Envric","messenger_delegate","envoy/delegation","env+ric","raw_constructed","not_deep_screened","Candidato construído; não implica disponibilidade de marca, domínio ou package."
"Wardel","security_trust","guard/ward","ward+el","raw_constructed","not_deep_screened","Candidato construído; não implica disponibilidade de marca, domínio ou package."
"Warden","security_trust","guard/ward","ward+en","raw_constructed","not_deep_screened","Candidato construído; não implica disponibilidade de marca, domínio ou package."
"Warder","security_trust","guard/ward","ward+er","raw_constructed","not_deep_screened","Candidato construído; não implica disponibilidade de marca, domínio ou package."
"Wardis","security_trust","guard/ward","ward+is","raw_constructed","not_deep_screened","Candidato construído; não implica disponibilidade de marca, domínio ou package."
"Wardor","security_trust","guard/ward","ward+or","raw_constructed","not_deep_screened","Candidato construído; não implica disponibilidade de marca, domínio ou package."
"Wardir","security_trust","guard/ward","ward+ir","raw_constructed","not_deep_screened","Candidato construído; não implica disponibilidade de marca, domínio ou package."
"Wardik","security_trust","guard/ward","ward+ik","raw_constructed","not_deep_screened","Candidato construído; não implica disponibilidade de marca, domínio ou package."
"Wardin","security_trust","guard/ward","ward+in","raw_constructed","not_deep_screened","Candidato construído; não implica disponibilidade de marca, domínio ou package."
"Wardal","security_trust","guard/ward","ward+al","raw_constructed","not_deep_screened","Candidato construído; não implica disponibilidade de marca, domínio ou package."
"Wardan","security_trust","guard/ward","ward+an","raw_constructed","not_deep_screened","Candidato construído; não implica disponibilidade de marca, domínio ou package."
"Wardet","security_trust","guard/ward","ward+et","raw_constructed","not_deep_screened","Candidato construído; não implica disponibilidade de marca, domínio ou package."
"Wardon","security_trust","guard/ward","ward+on","raw_constructed","not_deep_screened","Candidato construído; não implica disponibilidade de marca, domínio ou package."
"Wardex","security_trust","guard/ward","ward+ex","raw_constructed","not_deep_screened","Candidato construído; não implica disponibilidade de marca, domínio ou package."
"Wardic","security_trust","guard/ward","ward+ic","raw_constructed","not_deep_screened","Candidato construído; não implica disponibilidade de marca, domínio ou package."
"Wardum","security_trust","guard/ward","ward+um","raw_constructed","not_deep_screened","Candidato construído; não implica disponibilidade de marca, domínio ou package."
"Wardus","security_trust","guard/ward","ward+us","raw_constructed","not_deep_screened","Candidato construído; não implica disponibilidade de marca, domínio ou package."
"Wardio","security_trust","guard/ward","ward+io","raw_constructed","not_deep_screened","Candidato construído; não implica disponibilidade de marca, domínio ou package."
"Wardar","security_trust","guard/ward","ward+ar","raw_constructed","not_deep_screened","Candidato construído; não implica disponibilidade de marca, domínio ou package."
"Wardren","security_trust","guard/ward","ward+ren","raw_constructed","not_deep_screened","Candidato construído; não implica disponibilidade de marca, domínio ou package."
"Wardrel","security_trust","guard/ward","ward+rel","raw_constructed","not_deep_screened","Candidato construído; não implica disponibilidade de marca, domínio ou package."
"Wardris","security_trust","guard/ward","ward+ris","raw_constructed","not_deep_screened","Candidato construído; não implica disponibilidade de marca, domínio ou package."
"Wardric","security_trust","guard/ward","ward+ric","raw_constructed","not_deep_screened","Candidato construído; não implica disponibilidade de marca, domínio ou package."
"Bastel","security_trust","bastion/protection","bast+el","raw_constructed","not_deep_screened","Candidato construído; não implica disponibilidade de marca, domínio ou package."
"Basten","security_trust","bastion/protection","bast+en","raw_constructed","not_deep_screened","Candidato construído; não implica disponibilidade de marca, domínio ou package."
"Baster","security_trust","bastion/protection","bast+er","raw_constructed","not_deep_screened","Candidato construído; não implica disponibilidade de marca, domínio ou package."
"Bastis","security_trust","bastion/protection","bast+is","raw_constructed","not_deep_screened","Candidato construído; não implica disponibilidade de marca, domínio ou package."
"Bastor","security_trust","bastion/protection","bast+or","raw_constructed","not_deep_screened","Candidato construído; não implica disponibilidade de marca, domínio ou package."
"Bastir","security_trust","bastion/protection","bast+ir","raw_constructed","not_deep_screened","Candidato construído; não implica disponibilidade de marca, domínio ou package."
"Bastik","security_trust","bastion/protection","bast+ik","raw_constructed","not_deep_screened","Candidato construído; não implica disponibilidade de marca, domínio ou package."
"Bastin","security_trust","bastion/protection","bast+in","raw_constructed","not_deep_screened","Candidato construído; não implica disponibilidade de marca, domínio ou package."
"Bastal","security_trust","bastion/protection","bast+al","raw_constructed","not_deep_screened","Candidato construído; não implica disponibilidade de marca, domínio ou package."
"Bastan","security_trust","bastion/protection","bast+an","raw_constructed","not_deep_screened","Candidato construído; não implica disponibilidade de marca, domínio ou package."
"Bastet","security_trust","bastion/protection","bast+et","raw_constructed","not_deep_screened","Candidato construído; não implica disponibilidade de marca, domínio ou package."
"Baston","security_trust","bastion/protection","bast+on","raw_constructed","not_deep_screened","Candidato construído; não implica disponibilidade de marca, domínio ou package."
"Bastex","security_trust","bastion/protection","bast+ex","raw_constructed","not_deep_screened","Candidato construído; não implica disponibilidade de marca, domínio ou package."
"Bastic","security_trust","bastion/protection","bast+ic","raw_constructed","not_deep_screened","Candidato construído; não implica disponibilidade de marca, domínio ou package."
"Bastum","security_trust","bastion/protection","bast+um","raw_constructed","not_deep_screened","Candidato construído; não implica disponibilidade de marca, domínio ou package."
"Bastus","security_trust","bastion/protection","bast+us","raw_constructed","not_deep_screened","Candidato construído; não implica disponibilidade de marca, domínio ou package."
"Bastio","security_trust","bastion/protection","bast+io","raw_constructed","not_deep_screened","Candidato construído; não implica disponibilidade de marca, domínio ou package."
"Bastar","security_trust","bastion/protection","bast+ar","raw_constructed","not_deep_screened","Candidato construído; não implica disponibilidade de marca, domínio ou package."
"Bastren","security_trust","bastion/protection","bast+ren","raw_constructed","not_deep_screened","Candidato construído; não implica disponibilidade de marca, domínio ou package."
"Bastrel","security_trust","bastion/protection","bast+rel","raw_constructed","not_deep_screened","Candidato construído; não implica disponibilidade de marca, domínio ou package."
"Bastris","security_trust","bastion/protection","bast+ris","raw_constructed","not_deep_screened","Candidato construído; não implica disponibilidade de marca, domínio ou package."
"Bastric","security_trust","bastion/protection","bast+ric","raw_constructed","not_deep_screened","Candidato construído; não implica disponibilidade de marca, domínio ou package."
"Tramel","weave_coordination","trama/weave","tram+el","raw_constructed","not_deep_screened","Candidato construído; não implica disponibilidade de marca, domínio ou package."
"Tramen","weave_coordination","trama/weave","tram+en","raw_constructed","not_deep_screened","Candidato construído; não implica disponibilidade de marca, domínio ou package."
"Tramer","weave_coordination","trama/weave","tram+er","raw_constructed","not_deep_screened","Candidato construído; não implica disponibilidade de marca, domínio ou package."
"Tramis","weave_coordination","trama/weave","tram+is","raw_constructed","not_deep_screened","Candidato construído; não implica disponibilidade de marca, domínio ou package."
"Tramor","weave_coordination","trama/weave","tram+or","raw_constructed","not_deep_screened","Candidato construído; não implica disponibilidade de marca, domínio ou package."
"Tramir","weave_coordination","trama/weave","tram+ir","raw_constructed","not_deep_screened","Candidato construído; não implica disponibilidade de marca, domínio ou package."
"Tramik","weave_coordination","trama/weave","tram+ik","raw_constructed","not_deep_screened","Candidato construído; não implica disponibilidade de marca, domínio ou package."
"Tramin","weave_coordination","trama/weave","tram+in","raw_constructed","not_deep_screened","Candidato construído; não implica disponibilidade de marca, domínio ou package."
"Tramal","weave_coordination","trama/weave","tram+al","raw_constructed","not_deep_screened","Candidato construído; não implica disponibilidade de marca, domínio ou package."
"Traman","weave_coordination","trama/weave","tram+an","raw_constructed","not_deep_screened","Candidato construído; não implica disponibilidade de marca, domínio ou package."
"Tramet","weave_coordination","trama/weave","tram+et","raw_constructed","not_deep_screened","Candidato construído; não implica disponibilidade de marca, domínio ou package."
"Tramon","weave_coordination","trama/weave","tram+on","raw_constructed","not_deep_screened","Candidato construído; não implica disponibilidade de marca, domínio ou package."
"Tramex","weave_coordination","trama/weave","tram+ex","raw_constructed","not_deep_screened","Candidato construído; não implica disponibilidade de marca, domínio ou package."
"Tramic","weave_coordination","trama/weave","tram+ic","raw_constructed","not_deep_screened","Candidato construído; não implica disponibilidade de marca, domínio ou package."
"Tramum","weave_coordination","trama/weave","tram+um","raw_constructed","not_deep_screened","Candidato construído; não implica disponibilidade de marca, domínio ou package."
"Tramus","weave_coordination","trama/weave","tram+us","raw_constructed","not_deep_screened","Candidato construído; não implica disponibilidade de marca, domínio ou package."
"Tramio","weave_coordination","trama/weave","tram+io","raw_constructed","not_deep_screened","Candidato construído; não implica disponibilidade de marca, domínio ou package."
"Tramar","weave_coordination","trama/weave","tram+ar","raw_constructed","not_deep_screened","Candidato construído; não implica disponibilidade de marca, domínio ou package."
"Tramren","weave_coordination","trama/weave","tram+ren","raw_constructed","not_deep_screened","Candidato construído; não implica disponibilidade de marca, domínio ou package."
"Tramrel","weave_coordination","trama/weave","tram+rel","raw_constructed","not_deep_screened","Candidato construído; não implica disponibilidade de marca, domínio ou package."
"Tramris","weave_coordination","trama/weave","tram+ris","raw_constructed","not_deep_screened","Candidato construído; não implica disponibilidade de marca, domínio ou package."
"Tramric","weave_coordination","trama/weave","tram+ric","raw_constructed","not_deep_screened","Candidato construído; não implica disponibilidade de marca, domínio ou package."
"Wevel","weave_coordination","weave/coordination","wev+el","raw_constructed","not_deep_screened","Candidato construído; não implica disponibilidade de marca, domínio ou package."
"Weven","weave_coordination","weave/coordination","wev+en","raw_constructed","not_deep_screened","Candidato construído; não implica disponibilidade de marca, domínio ou package."
"Wever","weave_coordination","weave/coordination","wev+er","raw_constructed","not_deep_screened","Candidato construído; não implica disponibilidade de marca, domínio ou package."
"Wevis","weave_coordination","weave/coordination","wev+is","raw_constructed","not_deep_screened","Candidato construído; não implica disponibilidade de marca, domínio ou package."
"Wevor","weave_coordination","weave/coordination","wev+or","raw_constructed","not_deep_screened","Candidato construído; não implica disponibilidade de marca, domínio ou package."
"Wevir","weave_coordination","weave/coordination","wev+ir","raw_constructed","not_deep_screened","Candidato construído; não implica disponibilidade de marca, domínio ou package."
"Wevik","weave_coordination","weave/coordination","wev+ik","raw_constructed","not_deep_screened","Candidato construído; não implica disponibilidade de marca, domínio ou package."